Label,dec0,dec1,obj0,obj1
1,1,010001111100000000001110100010111011000011110101001101101010,-0.124953,0.435836
0,1,001110111110010000111111111011000100100011010000111010000111,-0.116180,0.568889
0,1,100101110110101000110110111001011100101110110101011111011101,-0.091588,0.605124
0,1,100111101011101011010010011010110001101000010110010000101010,-0.071535,0.493221
0,1,101100101010011011101111000110000011111011011010000100111111,-0.114109,0.574588
